name,team,image
RuturajGaikwad,Super Kings,https://bcciplayerimages.s3.ap-south-1.amazonaws.com/ipl/IPLHeadshot2024/102.png
FafduPlessis,Super Kings,https://parimatchnews.com/wp-content/uploads/2020/11/Faf-du-Plessis.png
RobinUthappa,Super Kings,https://bcciplayerimages.s3.ap-south-1.amazonaws.com/playerheadshot/ipl/284/127.png
MoeenAli,Super Kings,https://bcciplayerimages.s3.ap-south-1.amazonaws.com/ipl/IPLHeadshot2024/206.png
ShubmanGill,KKR,https://parimatchnews.com/wp-content/uploads/2021/05/3761.png
VenkateshIyer,KKR,https://bcciplayerimages.s3.ap-south-1.amazonaws.com/ipl/IPLHeadshot2024/584.png
NitishRana,KKR,https://bcciplayerimages.s3.ap-south-1.amazonaws.com/ipl/IPLHeadshot2024/148.png
SunilNarine,KKR,https://bcciplayerimages.s3.ap-south-1.amazonaws.com/ipl/IPLHeadshot2024/156.png
EoinMorgan,KKR,https://bcciplayerimages.s3.ap-south-1.amazonaws.com/playerheadshot/ipl/284/197.png
DineshKarthik,KKR,https://lh3.googleusercontent.com/proxy/tPtClJEADZqhE6z0p2sBI6KPLKBHjyvTOWkw1nffV-bbqV9nd6hdhy0sIst43czq9AX5qfQWPDNud6btJh7P_JByc_uOXUUsMaAC-Gd_YefWsx0kdg
ShakibAlHasan,KKR,https://bcciplayerimages.s3.ap-south-1.amazonaws.com/playerheadshot/ipl/284/201.png
RahulTripathi,KKR,https://bcciplayerimages.s3.ap-south-1.amazonaws.com/playerheadshot/ipl/284/3838.png
LockieFerguson,KKR,https://cricclubs.com/documentsRep/profilePics/c5efc17a-3f66-48cb-883a-a8900da39124.png
ShivamMavi,KKR,https://bcciplayerimages.s3.ap-south-1.amazonaws.com/playerheadshot/ipl/284/3779.png
VarunChakravarthy,KKR,https://bcciplayerimages.s3.ap-south-1.amazonaws.com/ipl/IPLHeadshot2022/5432.png
DeepakChahar,Super Kings,https://encrypted-tbn0.gstatic.com/images?q=tbn:ANd9GcT3bwNn07dEuTOvGSsIrIKRatgsn8OHzuN7l2flAF5syw&s
JoshHazlewood,Super Kings,https://bcciplayerimages.s3.ap-south-1.amazonaws.com/playerheadshot/ipl/284/857.png
ShardulThakur,Super Kings,https://bcciplayerimages.s3.ap-south-1.amazonaws.com/ipl/IPLHeadshot2024/105.png
DwayneBravo,Super Kings,https://bcciplayerimages.s3.ap-south-1.amazonaws.com/playerheadshot/ipl/284/25.png
RavindraJadeja,Super Kings,https://parimatchnews.com/wp-content/uploads/2020/11/Ravindra-Jadeja-1.png
PrithviShaw,Capitals,https://bcciplayerimages.s3.ap-south-1.amazonaws.com/ipl/IPLHeadshot2024/51.png
ShikharDhawan,Capitals,https://bcciplayerimages.s3.ap-south-1.amazonaws.com/playerheadshot/ipl/284/41.png
MarcusStoinis,Capitals,https://bcciplayerimages.s3.ap-south-1.amazonaws.com/playerheadshot/ipl/284/964.png
ShreyasIyer,Capitals,https://bcciplayerimages.s3.ap-south-1.amazonaws.com/playerheadshot/ipl/284/1563.png
RishabhPant,Capitals,https://bcciplayerimages.s3.ap-south-1.amazonaws.com/ipl/IPLHeadshot2024/18.png
ShimronHetmyer,Capitals,https://parimatchnews.com/wp-content/uploads/2020/11/Shimron-Hetmyer.png
AxarPatel,Capitals,https://bcciplayerimages.s3.ap-south-1.amazonaws.com/ipl/IPLHeadshot2024/110.png
AnrichNortje,Capitals,https://bcciplayerimages.s3.ap-south-1.amazonaws.com/ipl/IPLHeadshot2024/142.png
RavichandranAshwin,Capitals,https://bcciplayerimages.s3.ap-south-1.amazonaws.com/playerheadshot/ipl/210/8.png
AveshKhan,Capitals,https://parimatchnews.com/wp-content/uploads/2020/11/Avesh-Khan-1.png
KagisoRabada,Capitals,https://www.sakshi.com/sites/default/files/article_images/2021/04/ipl/DC/KagisoRabada.png
DevduttPadikkal,RCB,https://bcciplayerimages.s3.ap-south-1.amazonaws.com/playerheadshot/ipl/284/5430.png
ViratKohli,RCB,https://ongpng.com/wp-content/uploads/2023/11/virat-kohli-in-rcb-1.png
SrikarBharat,RCB,https://bcciplayerimages.s3.ap-south-1.amazonaws.com/playerheadshot/ipl/284/2734.png
GlennMaxwell,RCB,https://bcciplayerimages.s3.ap-south-1.amazonaws.com/playerheadshot/ipl/284/282.png
ABdeVilliers,RCB,https://bcciplayerimages.s3.ap-south-1.amazonaws.com/playerheadshot/ipl/284/233.png
ShahbazAhmed,RCB,https://bcciplayerimages.s3.ap-south-1.amazonaws.com/playerheadshot/ipl/284/13803.png
DanChristian,RCB,https://bcciplayerimages.s3.ap-south-1.amazonaws.com/playerheadshot/ipl/284/181.png
HarshalPatel,RCB,https://bcciplayerimages.s3.ap-south-1.amazonaws.com/playerheadshot/ipl/284/157.png
GeorgeGarton,RCB,https://bcciplayerimages.s3.ap-south-1.amazonaws.com/playerheadshot/ipl/210/2942.png
MohammedSiraj,RCB,https://bcciplayerimages.s3.ap-south-1.amazonaws.com/playerheadshot/ipl/284/3840.png
YuzvendraChahal,RCB,https://bcciplayerimages.s3.ap-south-1.amazonaws.com/playerheadshot/ipl/284/111.png
TomCurran,Capitals,https://bcciplayerimages.s3.ap-south-1.amazonaws.com/playerheadshot/ipl/284/3646.png
AmbatiRayudu,Super Kings,https://bcciplayerimages.s3.ap-south-1.amazonaws.com/playerheadshot/ipl/284/100.png
MSDhoni,Super Kings,https://bcciplayerimages.s3.ap-south-1.amazonaws.com/ipl/IPLHeadshot2024/57.png
RipalPatel,Capitals,https://assets.iplt20.com/ipl/IPLHeadshot2022/17191.png
RohitSharma,Mumbai,https://bcciplayerimages.s3.ap-south-1.amazonaws.com/ipl/IPLHeadshot2024/6.png
IshanKishan,Mumbai,https://bcciplayerimages.s3.ap-south-1.amazonaws.com/ipl/IPLHeadshot2024/164.png
HardikPandya,Mumbai,https://bcciplayerimages.s3.ap-south-1.amazonaws.com/ipl/IPLHeadshot2024/54.png
KieronPollard,Mumbai,https://bcciplayerimages.s3.ap-south-1.amazonaws.com/playerheadshot/ipl/284/210.png
SuryakumarYadav,Mumbai,https://bcciplayerimages.s3.ap-south-1.amazonaws.com/ipl/IPLHeadshot2023/174.png
JamesNeesham,Mumbai,https://bcciplayerimages.s3.ap-south-1.amazonaws.com/playerheadshot/ipl/284/971.png
KrunalPandya,Mumbai,https://parimatchnews.com/wp-content/uploads/2020/11/Krunal-Pandya.png
NathanCoulter-Nile,Mumbai,https://bcciplayerimages.s3.ap-south-1.amazonaws.com/playerheadshot/ipl/284/840.png
PiyushChawla,Mumbai,https://encrypted-tbn0.gstatic.com/images?q=tbn:ANd9GcQ-d_KBRwWZ4noRgppIj7Q_Uut6jadzEJHvszzC3Pkn1XQm5i6vlNwweEyangs3nCqD5jY&usqp=CAU
JaspritBumrah,Mumbai,https://bcciplayerimages.s3.ap-south-1.amazonaws.com/ipl/IPLHeadshot2024/9.png
TrentBoult,Mumbai,https://www.sakshi.com/sites/default/files/article_images/2021/04/ipl/MI/TrentBoult.png
JasonRoy,Sunrisers,https://bcciplayerimages.s3.ap-south-1.amazonaws.com/playerheadshot/ipl/284/1906.png
AbhishekSharma,Sunrisers,https://cricketbettingtipsfree.com/ipl/images/sunr_hydrabad/sh_p5.png
ManishPandey,Sunrisers,https://bcciplayerimages.s3.ap-south-1.amazonaws.com/playerheadshot/ipl/284/123.png
MohammadNabi,Sunrisers,https://parimatchnews.com/wp-content/uploads/2021/03/moh.png
AbdulSamad,Sunrisers,https://bcciplayerimages.s3.ap-south-1.amazonaws.com/ipl/IPLHeadshot2022/19352.png
PriyamGarg,Sunrisers,https://bcciplayerimages.s3.ap-south-1.amazonaws.com/playerheadshot/ipl/284/3775.png
JasonHolder,Sunrisers,https://bcciplayerimages.s3.ap-south-1.amazonaws.com/playerheadshot/ipl/284/1075.png
RashidKhan,Sunrisers,https://bcciplayerimages.s3.ap-south-1.amazonaws.com/playerheadshot/ipl/284/2885.png
WriddhimanSaha,Sunrisers,https://parimatchnews.com/wp-content/uploads/2021/03/Wriddhiman.png
SiddarthKaul,Sunrisers,https://bcciplayerimages.s3.ap-south-1.amazonaws.com/playerheadshot/ipl/284/1086.png
UmranMalik,Sunrisers,https://bcciplayerimages.s3.ap-south-1.amazonaws.com/ipl/IPLHeadshot2022/15154.png
YashasviJaiswal,Royals,https://encrypted-tbn0.gstatic.com/images?q=tbn:ANd9GcRJ1Np9_0RajxJCA7WzMVv0-fWomP9cN0pY9_KNRSbjEQ&s
LiamLivingstone,Royals,https://staticimg.amarujala.com/assets/images/cricket/48436.jpg
SanjuSamson,Royals,https://encrypted-tbn0.gstatic.com/images?q=tbn:ANd9GcR6My79F_adTWmCPji7JwQOZvRYYeQ9TrUdjuLdO6aWiw&s
ShivamDube,Royals,https://bcciplayerimages.s3.ap-south-1.amazonaws.com/ipl/IPLHeadshot2024/3112.png
AnujRawat,Royals,https://bcciplayerimages.s3.ap-south-1.amazonaws.com/playerheadshot/ipl/284/10788.png
GlennPhillips,Royals,https://cricclubs.com/documentsRep/profilePics/f1e45598-87f8-496b-bfe8-a599dbe64525.png
RahulTewatia,Royals,https://bcciplayerimages.s3.ap-south-1.amazonaws.com/playerheadshot/ipl/284/1749.png
ChrisMorris,Royals,https://bcciplayerimages.s3.ap-south-1.amazonaws.com/playerheadshot/ipl/284/836.png
JaydevUnadkat,Royals,https://d1k8sn41pix00a.cloudfront.net/media/players/photos/jaydev-unadkat.png
ChetanSakariya,Royals,https://bcciplayerimages.s3.ap-south-1.amazonaws.com/playerheadshot/ipl/284/11062.png
MustafizurRahman,Royals,https://bcciplayerimages.s3.ap-south-1.amazonaws.com/playerheadshot/ipl/284/1594.png
KLRahul,Punjab Kings,https://bcciplayerimages.s3.ap-south-1.amazonaws.com/playerheadshot/ipl/284/1125.png
MayankAgarwal,Punjab Kings,https://assets.iplt20.com/ipl/IPLHeadshot2022/7779.png
SarfarazKhan,Punjab Kings,https://www.punjabkingsipl.in/static-assets/images/players/5407.png?v=5.97
MShahrukhKhan,Punjab Kings,https://www.punjabkingsipl.in/static-assets/images/players/64724.png?v=5.96
AidenMarkram,Punjab Kings,https://bcciplayerimages.s3.ap-south-1.amazonaws.com/playerheadshot/ipl/284/1667.png
MoisesHenriques,Punjab Kings,https://bcciplayerimages.s3.ap-south-1.amazonaws.com/playerheadshot/ipl/284/388.png
MohammedShami,Punjab Kings,https://www.punjabkingsipl.in/static-assets/images/players/28994.png?v=5.97
HarpreetBrar,Punjab Kings,https://bcciplayerimages.s3.ap-south-1.amazonaws.com/ipl/IPLHeadshot2024/130.png
ArshdeepSingh,Punjab Kings,https://bcciplayerimages.s3.ap-south-1.amazonaws.com/ipl/IPLHeadshot2024/125.png
ChrisJordan,Punjab Kings,https://bcciplayerimages.s3.ap-south-1.amazonaws.com/playerheadshot/ipl/284/1299.png
RaviBishnoi,Punjab Kings,https://www.punjabkingsipl.in/static-assets/images/players/71288.png?v=5.97
KaneWilliamson,Sunrisers,https://assets.iplt20.com/ipl/IPLHeadshot2022/440.png
BhuvneshwarKumar,Sunrisers,https://bcciplayerimages.s3.ap-south-1.amazonaws.com/ipl/IPLHeadshot2022/116.png
EvinLewis,Royals,https://bcciplayerimages.s3.ap-south-1.amazonaws.com/playerheadshot/ipl/284/872.png
DavidMiller,Royals,https://parimatchnews.com/wp-content/uploads/2021/03/187.png
ShreyasGopal,Royals,https://bcciplayerimages.s3.ap-south-1.amazonaws.com/playerheadshot/ipl/284/1748.png
KuldipYadav,Royals,https://bcciplayerimages.s3.ap-south-1.amazonaws.com/playerheadshot/ipl/284/12480.png
JayantYadav,Mumbai,https://parimatchnews.com/wp-content/uploads/2020/11/Jayant-Yadav-1.png
TimSouthee,KKR,https://bcciplayerimages.s3.ap-south-1.amazonaws.com/playerheadshot/ipl/284/307.png
NicholasPooran,Punjab Kings,https://cricclubs.com/documentsRep/profilePics/8a5273de-8925-4f4f-8102-9d602aa73118.png
SureshRaina,Super Kings,https://bcciplayerimages.s3.ap-south-1.amazonaws.com/playerheadshot/ipl/284/14.png
AkashSingh,Royals,https://parimatchnews.com/wp-content/uploads/2021/03/12585.png
MayankMarkande,Royals,https://d1k8sn41pix00a.cloudfront.net/media/players/photos/EA.png
SamCurran,Super Kings,https://cricclubs.com/documentsRep/profilePics/19a0587b-7334-4d8a-aa01-ef450ee70bfb.png
KMAsif,Super Kings,https://bcciplayerimages.s3.ap-south-1.amazonaws.com/playerheadshot/ipl/284/4944.png
QuintondeKock,Mumbai,https://cricclubs.com/documentsRep/profilePics/388e792f-ed00-407b-8a93-e4aae1eca497.png
SaurabhTiwary,Mumbai,https://bcciplayerimages.s3.ap-south-1.amazonaws.com/playerheadshot/ipl/284/163.png
StevenSmith,Capitals,https://bcciplayerimages.s3.ap-south-1.amazonaws.com/playerheadshot/ipl/284/271.png
TimSeifert,KKR,https://bcciplayerimages.s3.ap-south-1.amazonaws.com/playerheadshot/ipl/284/1619.png
DeepakHooda,Punjab Kings,https://cricclubs.com/documentsRep/profilePics/2bb04b96-6cfd-4b01-bab4-3b1bdaccff45.png
FabianAllen,Punjab Kings,https://bcciplayerimages.s3.ap-south-1.amazonaws.com/playerheadshot/ipl/284/1707.png
NathanEllis,Punjab Kings,https://encrypted-tbn0.gstatic.com/images?q=tbn:ANd9GcSS1MGFmhIK7JB8Vo15Now7UkLfskVCqwXy55qiJ6a-xQ&s
SandeepSharma,Sunrisers,https://parimatchnews.com/wp-content/uploads/2021/03/%D1%88%D0%B0%D1%80%D0%BC%D0%B0.png
MahipalLomror,Royals,https://d1k8sn41pix00a.cloudfront.net/media/players/photos/MAHIPAL.png
RiyanParag,Royals,https://bcciplayerimages.s3.ap-south-1.amazonaws.com/ipl/IPLHeadshot2024/189.png
KartikTyagi,Royals,https://bcciplayerimages.s3.ap-south-1.amazonaws.com/playerheadshot/ipl/284/10059.png
MandeepSingh,Punjab Kings,https://bcciplayerimages.s3.ap-south-1.amazonaws.com/playerheadshot/ipl/284/72.png
ChrisGayle,Punjab Kings,https://bcciplayerimages.s3.ap-south-1.amazonaws.com/playerheadshot/ipl/284/236.png
RahulChahar,Mumbai,https://bcciplayerimages.s3.ap-south-1.amazonaws.com/playerheadshot/ipl/284/3763.png
LalitYadav,Capitals,https://bcciplayerimages.s3.ap-south-1.amazonaws.com/playerheadshot/ipl/210/6870.png
SandeepWarrier,KKR,https://bcciplayerimages.s3.ap-south-1.amazonaws.com/playerheadshot/ipl/284/1092.png
KyleJamieson,RCB,https://bcciplayerimages.s3.ap-south-1.amazonaws.com/playerheadshot/ipl/284/1616.png
AdamMilne,Mumbai,https://bcciplayerimages.s3.ap-south-1.amazonaws.com/playerheadshot/ipl/284/434.png
AndreRussell,KKR,https://bcciplayerimages.s3.ap-south-1.amazonaws.com/ipl/IPLHeadshot2022/177.png
PrasidhKrishna,KKR,https://bcciplayerimages.s3.ap-south-1.amazonaws.com/playerheadshot/ipl/284/5105.png
DavidWarner,Sunrisers,https://blog.lvpei.org/wp-content/uploads/2021/03/david.png
KedarJadhav,Sunrisers,https://bcciplayerimages.s3.ap-south-1.amazonaws.com/playerheadshot/ipl/284/297.png
KhaleelAhmed,Sunrisers,https://bcciplayerimages.s3.ap-south-1.amazonaws.com/playerheadshot/ipl/284/2964.png
TabraizShamsi,Royals,https://bcciplayerimages.s3.ap-south-1.amazonaws.com/playerheadshot/ipl/284/3309.png
TimDavid,RCB,https://bcciplayerimages.s3.ap-south-1.amazonaws.com/playerheadshot/ipl/284/4524.png
WaninduHasaranga,RCB,https://bcciplayerimages.s3.ap-south-1.amazonaws.com/playerheadshot/ipl/284/3082.png
NavdeepSaini,RCB,https://bcciplayerimages.s3.ap-south-1.amazonaws.com/playerheadshot/ipl/284/3824.png
IshanPorel,Punjab Kings,https://encrypted-tbn0.gstatic.com/images?q=tbn:ANd9GcTVg0dDrZbUpyOHA8O_2e8s7a26O_SMt_LWq33FVyi-kA&s
AdilRashid,Punjab Kings,https://bcciplayerimages.s3.ap-south-1.amazonaws.com/playerheadshot/ipl/284/796.png
SachinBaby,RCB,https://bcciplayerimages.s3.ap-south-1.amazonaws.com/playerheadshot/ipl/284/1115.png
AnmolpreetSingh,Mumbai,https://bcciplayerimages.s3.ap-south-1.amazonaws.com/playerheadshot/ipl/284/2965.png
PrabhsimranSingh,Punjab Kings,https://bcciplayerimages.s3.ap-south-1.amazonaws.com/ipl/IPLHeadshot2024/137.png
DawidMalan,Punjab Kings,https://bcciplayerimages.s3.ap-south-1.amazonaws.com/playerheadshot/ipl/284/3318.png
IshantSharma,Capitals,https://www.successcds.net/wp-content/uploads/2023/01/Ishant-Sharma-Domestic-Career.png
RileyMeredith,Punjab Kings,https://bcciplayerimages.s3.ap-south-1.amazonaws.com/playerheadshot/ipl/284/4055.png
JosButtler,Royals,https://encrypted-tbn0.gstatic.com/images?q=tbn:ANd9GcSNYb-oNAKRCLfRwI9bFxxXAVL8nz5Fu3gTIZtH9Z6-QS8qKIauJVYQuEHP4Q9wBtNtnk0&usqp=CAU
JonnyBairstow,Sunrisers,https://parimatchnews.com/wp-content/uploads/2021/03/506.png
VijayShankar,Sunrisers,https://bcciplayerimages.s3.ap-south-1.amazonaws.com/playerheadshot/ipl/284/1083.png
DhawalKulkarni,Mumbai,https://bcciplayerimages.s3.ap-south-1.amazonaws.com/playerheadshot/ipl/284/101.png
LungiNgidi,Super Kings,https://bcciplayerimages.s3.ap-south-1.amazonaws.com/playerheadshot/ipl/284/3746.png
RajatPatidar,RCB,https://bcciplayerimages.s3.ap-south-1.amazonaws.com/playerheadshot/ipl/284/5471.png
DanielSams,RCB,https://encrypted-tbn0.gstatic.com/images?q=tbn:ANd9GcRCGDScSvfo-UdR4JUa6K-3vTIlsosjHKOoKw21c6ay6g&s
PatCummins,KKR,https://bcciplayerimages.s3.ap-south-1.amazonaws.com/playerheadshot/ipl/284/488.png
JagadeeshaSuchith,Sunrisers,https://bcciplayerimages.s3.ap-south-1.amazonaws.com/playerheadshot/ipl/284/2741.png
WashingtonSundar,RCB,https://bcciplayerimages.s3.ap-south-1.amazonaws.com/playerheadshot/ipl/284/2973.png
AmitMishra,Capitals,https://parimatchnews.com/wp-content/uploads/2020/11/Amit-Mishra.png
ImranTahir,Super Kings,https://bcciplayerimages.s3.ap-south-1.amazonaws.com/playerheadshot/ipl/284/898.png
MananVohra,Royals,https://bcciplayerimages.s3.ap-south-1.amazonaws.com/playerheadshot/ipl/284/1085.png
KaneRichardson,RCB,https://bcciplayerimages.s3.ap-south-1.amazonaws.com/playerheadshot/ipl/284/798.png
KamleshNagarkoti,KKR,https://bcciplayerimages.s3.ap-south-1.amazonaws.com/playerheadshot/ipl/284/3766.png
MuruganAshwin,Punjab Kings,https://bcciplayerimages.s3.ap-south-1.amazonaws.com/playerheadshot/ipl/284/3187.png
ChrisWoakes,Capitals,https://bcciplayerimages.s3.ap-south-1.amazonaws.com/playerheadshot/ipl/284/967.png
LukmanMeriwala,Capitals,https://bcciplayerimages.s3.ap-south-1.amazonaws.com/playerheadshot/ipl/284/7803.png
JalajSaxena,Punjab Kings,https://bcciplayerimages.s3.ap-south-1.amazonaws.com/playerheadshot/ipl/284/1087.png
JhyeRichardson,Punjab Kings,https://encrypted-tbn0.gstatic.com/images?q=tbn:ANd9GcQut8pbrIb80Ru6goNVbDbuLruk0qMQzyykncgJ5Vjvrg&s
HarbhajanSingh,KKR,https://bcciplayerimages.s3.ap-south-1.amazonaws.com/playerheadshot/ipl/284/103.png
ViratSingh,Sunrisers,https://bcciplayerimages.s3.ap-south-1.amazonaws.com/playerheadshot/ipl/284/6966.png
MujeebUrRahman,Sunrisers,https://encrypted-tbn0.gstatic.com/images?q=tbn:ANd9GcT05JUcianvjoOXe1WmuMEa6KKiLcCWnscjMRF29g5yXQ&s
AjinkyaRahane,Capitals,https://www.sakshi.com/sites/default/files/article_images/2021/04/ipl/DC/AjinkyaRahane.png
ShahbazNadeem,Sunrisers,https://bcciplayerimages.s3.ap-south-1.amazonaws.com/playerheadshot/ipl/284/57.png
TNatarajan,Sunrisers,https://www.sakshi.com/sites/default/files/special/ipl/2022/teams/srh/TNatarajan.png
MarcoJansen,Mumbai,https://bcciplayerimages.s3.ap-south-1.amazonaws.com/playerheadshot/ipl/284/17068.png
BenStokes,Royals,https://bcciplayerimages.s3.ap-south-1.amazonaws.com/playerheadshot/ipl/284/1154.png
ChrisLynn,Mumbai,https://bcciplayerimages.s3.ap-south-1.amazonaws.com/playerheadshot/ipl/284/179.png
ObedMcCoy,Royals,https://encrypted-tbn0.gstatic.com/images?q=tbn:ANd9GcTHFehJDoKxBqt06RC0kTcVZQnv4v08D_vo-CMhNEfpUA&s
MatthewWade,Titans,https://encrypted-tbn0.gstatic.com/images?q=tbn:ANd9GcTfIDbkaAituxBWbXJRVyRrOKiSM4RuiEfZRU0tZpRCyA&s
YashDayal,Titans,https://www.gujarattitansipl.com/static-assets/images/players/70155.png?v=4.65
SaiKishore,Titans,https://bcciplayerimages.s3.ap-south-1.amazonaws.com/ipl/IPLHeadshot2024/544.png
DushmanthaChameera,Super Giants,https://encrypted-tbn0.gstatic.com/images?q=tbn:ANd9GcTdEMSQ5-nN0rv16vyO6acCwdNzorjcMQsgK1Yhi_VcGw&s
MohsinKhan,Super Giants,https://encrypted-tbn0.gstatic.com/images?q=tbn:ANd9GcR8smwdQGAMnuh1xCn_kN9qV7WJRuNmPLH-HO2S9PBvfw&s
AlzarriJoseph,Titans,https://www.sakshi.com/sites/default/files/special/ipl/2022/teams/gt/AlzarriJoseph.png
RomarioShepherd,Sunrisers,https://assets.iplt20.com/ipl/IPLHeadshot2022/20609.png
JiteshSharma,Punjab Kings,https://preview.redd.it/punjab-kings-named-jitesh-sharma-as-vice-captain-in-the-ipl-v0-kl5awjl6cppc1.png?auto=webp&s=f2afa161c2515dff457225a2b56a0dab324acf88
PrerakMankad,Punjab Kings,https://assets.iplt20.com/ipl/IPLHeadshot2022/20602.png
FazalhaqFarooqi,Sunrisers,https://encrypted-tbn0.gstatic.com/images?q=tbn:ANd9GcQi_uOW-Sb6oLbraoxlFOPvZLhTjYMdNR8-qdoGzvZKZw&s
MitchellMarsh,Capitals,https://encrypted-tbn0.gstatic.com/images?q=tbn:ANd9GcRfwkkBqbHBDodvGbtQFbj9j4O5iKoXwB8IqLbInvqpCw&s
RovmanPowell,Capitals,https://www.sakshi.com/sites/default/files/special/ipl/2022/teams/dc/RovmanPowell.png
KuldeepYadav,Capitals,https://www.sakshi.com/sites/default/files/special/ipl/2022/teams/dc/KuldeepYadav.png
DewaldBrevis,Mumbai,https://encrypted-tbn0.gstatic.com/images?q=tbn:ANd9GcRV3mxrWGYwfqpCcsIklI2Ulyx4zMZxFGb01_nzZIzkqEwfP1XvIrrqa9N90ebt5Rg3OrI&usqp=CAU
TilakVarma,Mumbai,https://encrypted-tbn0.gstatic.com/images?q=tbn:ANd9GcR3YQjmVknFSGCaCHuQjS8rqpomPqkN9reVpaUrS_lW4QeainvjbZTthPzZ7wqojeFMuog&usqp=CAU
RamandeepSingh,Mumbai,https://assets.iplt20.com/ipl/IPLHeadshot2022/20595.png
HrithikShokeen,Mumbai,https://encrypted-tbn0.gstatic.com/images?q=tbn:ANd9GcT3WxogEdFZzpMPnVZ0k6EzS5T8ZchRtsBzyEX-4YWCTA&s
DevonConway,Super Kings,https://encrypted-tbn0.gstatic.com/images?q=tbn:ANd9GcRJG3FDrHrnLPRF0DQ-yk61T4uMkUjwXEFoTYX7kGxOMg&s
NarayanJagadeesan,Super Kings,https://assets.iplt20.com/ipl/IPLHeadshot2022/20627.png
MitchellSantner,Super Kings,https://encrypted-tbn0.gstatic.com/images?q=tbn:ANd9GcRocWZ5JXTohk2JdM-PeXHgSReeqZXAvMT6q73OMB5mKQ&s
SimarjeetSingh,Super Kings,https://encrypted-tbn0.gstatic.com/images?q=tbn:ANd9GcQnje_tC6_hHS9NZfV2zMvsobitG4CzsYxiQ4LGE3utdw&s
MukeshChoudhary,Super Kings,https://encrypted-tbn0.gstatic.com/images?q=tbn:ANd9GcTejstVWLqytyF0_tGrQkXQ6mYF76g81p66uNezPKK7jQ&s
MatheeshaPathirana,Super Kings,https://encrypted-tbn0.gstatic.com/images?q=tbn:ANd9GcQXkqEeqg63-Z-AsClR8n5-1nJ0RyCJtNI4wsOldDro4g&s
PrashantSolanki,Super Kings,https://encrypted-tbn0.gstatic.com/images?q=tbn:ANd9GcTY7WbtI0oz3dqyaz8Etjc5QdvY4ORioH6FPsmbXtiMPA&s
AbhijeetTomar,KKR,https://assets.iplt20.com/ipl/IPLHeadshot2022/20580.png
SamBillings,KKR,https://rbrgloblesolution.in/IPLT2022/images/kkr/sam.png
RinkuSingh,KKR,https://miro.medium.com/v2/resize:fit:1024/1*jawvIeJ6PVioBvtUSwrN5w.png
UmeshYadav,KKR,https://assets.iplt20.com/ipl/IPLHeadshot2022/59.png
KrishnappaGowtham,Super Giants,https://encrypted-tbn0.gstatic.com/images?q=tbn:ANd9GcT6vtX7tncGtkGLv_WXXULsBSAs7jIeJmKt-xvBwupo0Q&s
TristanStubbs,Mumbai,https://assets.iplt20.com/ipl/IPLHeadshot2022/20631.png
SanjayYadav,Mumbai,https://assets.iplt20.com/ipl/IPLHeadshot2022/10631.png
BhanukaRajapaksa,Punjab Kings,https://encrypted-tbn0.gstatic.com/images?q=tbn:ANd9GcTWDV3TGW6d7Yao6jAwvU6-2m3CQYLcO07EvT4kBihyvw&s
RishiDhawan,Punjab Kings,https://encrypted-tbn0.gstatic.com/images?q=tbn:ANd9GcTz2dcJmhxYxYvvHMqmbCgImozz7nASyJhRVTTZ0nywVQ&s
AyushBadoni,Super Giants,https://bcciplayerimages.s3.ap-south-1.amazonaws.com/ipl/IPLHeadshot2024/985.png
ShashankSingh,Sunrisers,https://assets.iplt20.com/ipl/IPLHeadshot2022/3261.png
MaheeshTheekshana,Super Kings,https://encrypted-tbn0.gstatic.com/images?q=tbn:ANd9GcRnqkCpz5PySBlTkLmmqSF_cX8_MqFRbNQY4cMVCKo78g&s
KumarKartikeya,Mumbai,https://encrypted-tbn0.gstatic.com/images?q=tbn:ANd9GcSPHk7ALZW92LxSWfDHs-VLTwPWM0laxOX_PJSpZk5rTw&s
RassievanderDussen,Royals,https://assets.iplt20.com/ipl/IPLHeadshot2022/509.png
KuldeepSen,Royals,https://encrypted-tbn0.gstatic.com/images?q=tbn:ANd9GcQp0Z2FX6fZR8WF4sPUhMBm9tOtgEKOWJX0reNOaQVPbA&s
KaranSharma,Super Giants,https://www.sakshi.com/sites/default/files/special/ipl/2022/teams/lsg/KaranSharma.png
SheldonJackson,KKR,https://encrypted-tbn0.gstatic.com/images?q=tbn:ANd9GcRm5pscdCeckYIqSTtKiSSV_dXz1hcqLdoh_RtadW1iPA&s
BabaIndrajith,KKR,https://assets.iplt20.com/ipl/IPLHeadshot2022/20579.png
AaronFinch,KKR,https://assets.iplt20.com/ipl/IPLHeadshot2022/488.png
AnukulRoy,KKR,https://encrypted-tbn0.gstatic.com/images?q=tbn:ANd9GcTrlkcwduqgCcOBEb4ZWgKlhP-VroUhtvsEM70cV0Y2vw&s
HarshitRana,KKR,https://assets.iplt20.com/ipl/IPLHeadshot2022/20626.png
SaiSudharsan,Titans,https://www.gujarattitansipl.com/static-assets/images/players/69500.png?v=4.65
PradeepSangwan,Titans,https://www.gujarattitansipl.com/static-assets/images/players/4280.png?v=4.64
SeanAbbott,Sunrisers,https://assets.iplt20.com/ipl/IPLHeadshot2022/942.png
DwainePretorius,Super Kings,https://encrypted-tbn0.gstatic.com/images?q=tbn:ANd9GcTydozOYSA_IsodZ5KxZd4TKL38HlMqDWT-kBfg3LJtog&s
KarunNair,Royals,https://assets.iplt20.com/ipl/IPLHeadshot2022/276.png
DarylMitchell,Royals,https://assets.iplt20.com/ipl/IPLHeadshot2022/20617.png
AbhinavManohar,Titans,https://bcciplayerimages.s3.ap-south-1.amazonaws.com/ipl/IPLHeadshot2024/974.png
SuyashPrabhudessai,RCB,https://bcciplayerimages.s3.ap-south-1.amazonaws.com/playerheadshot/ipl/284/7002.png
VaibhavArora,Punjab Kings,https://www.punjabkingsipl.in/static-assets/images/players/74298.png?v=5.97
OdeanSmith,Punjab Kings,https://assets.iplt20.com/ipl/IPLHeadshot2022/20600.png
TymalMills,Mumbai,https://assets.iplt20.com/ipl/IPLHeadshot2022/3319.png
AmanHakimKhan,KKR,https://api.bdcrictime.com/90951-26_04_2022.png
BasilThampi,Mumbai,https://encrypted-tbn0.gstatic.com/images?q=tbn:ANd9GcTjQKAUNKgQyQp8glHx0bwZ81mONA3iWidOunc6x8xGATj5XPeILV2KZKPnv9kJV0oE6io&usqp=CAU
AkashDeep,RCB,https://encrypted-tbn0.gstatic.com/images?q=tbn:ANd9GcShNbDhw-sXs2YqJZkCOza0iQJnpgy47F29h8yaNvgH1w&s
DarshanNalkande,Titans,https://www.gujarattitansipl.com/static-assets/images/players/67489.png?v=4.65
RasikhSalam,KKR,https://static.indiatv.in/khabar-global/events/ipl-2022/kkr/rasikh-salam.png
DavidWilley,RCB,https://preview.redd.it/david-willey-appreciation-post-read-the-caption-under-the-v0-tazentuzwzva1.png?width=640&crop=smart&auto=webp&s=4bc7fe1a3cf9b5063c5f430b0f1fc939bfcb1420
AndrewTye,Super Giants,
SherfaneRutherford,RCB,https://assets.iplt20.com/ipl/IPLHeadshot2022/5396.png
VarunAaron,Titans,https://encrypted-tbn0.gstatic.com/images?q=tbn:ANd9GcTLuOr3IzX-qRtRDEgxHuC4t29GpWnW0gbMkuPaI8K1Tw&s
RajBawa,Punjab Kings,https://www.punjabkingsipl.in/static-assets/images/players/89168.png?v=5.94
TusharDeshpande,Super Kings,https://www.sakshi.com/sites/default/files/special/ipl/2022/teams/csk/Tushardeshpande.png
NoorAhmad,Titans,https://www.sakshi.com/sites/default/files/special/ipl/2022/teams/gt/NoorAhmad.png
JoshLittle,Titans,https://encrypted-tbn0.gstatic.com/images?q=tbn:ANd9GcQQzKj3xru7TgQY5gAmrB50MGuLcSyK8N_N0Lg2L799KQ&s
MohitSharma,Titans,https://www.sakshi.com/sites/default/files/special/ipl/2022/teams/gt/MohitSharma.png
NehalWadhera,Mumbai,https://encrypted-tbn0.gstatic.com/images?q=tbn:ANd9GcSQz7qNqRrXYlWeoOZ9qDvLhaCCtQ6Gk8qeDKaw8mMrtA&s
CameronGreen,Mumbai,https://encrypted-tbn0.gstatic.com/images?q=tbn:ANd9GcS7h7d_EDkmcOUCaeK8ICjf3PB-IixMLKsVy8UecZYasg&s
VishnuVinod,Mumbai,https://www.sakshi.com/sites/default/files/special/ipl/2022/teams/mi/VishnuVinod.png
JasonBehrendorff,Mumbai,https://bcciplayerimages.s3.ap-south-1.amazonaws.com/ipl/IPLHeadshot2023/4.png
AkashMadhwal,Mumbai,https://encrypted-tbn0.gstatic.com/images?q=tbn:ANd9GcROMGDAW1WMXD8_q1P2xoM1sUyo34W3xuHHn1mYmh1xgQ&s
KyleMayers,Super Giants,https://bcciplayerimages.s3.ap-south-1.amazonaws.com/ipl/IPLHeadshot2024/726.png
Naveen-ul-Haq,Super Giants,https://www.lucknowsupergiants.in/static-assets/images/players/65876.png?v=11.07
YashThakur,Super Giants,https://bcciplayerimages.s3.ap-south-1.amazonaws.com/ipl/IPLHeadshot2024/1550.png
DasunShanaka,Titans,https://www.gujarattitansipl.com/static-assets/images/players/59067.png?v=4.65
MichaelBracewell,RCB,https://indianden.in/wp-content/uploads/2023/05/111-1.png
WayneParnell,RCB,https://encrypted-tbn0.gstatic.com/images?q=tbn:ANd9GcTekLStJK6FYH3-EGN16vZj4Im7CXUsQzgdCpk_pdE3Zg&s
VijaykumarVyshak,RCB,https://cricclubs.com/documentsRep/profilePics/b1ee8bdf-1dd8-4361-a6b7-11bbfaa56c4f.png
HimanshuSharma,RCB,https://indianden.in/wp-content/uploads/2023/05/1568.png
VivrantSharma,Sunrisers,https://dnd3y8e5nonx2.cloudfront.net/humans/avatars/4950425/1680436503/display.
HeinrichKlaasen,Sunrisers,https://www.yolo247.com/sports/tournaments/wp-content/uploads/2023/12/Heinrich-Klassen.png
HarryBrook,Sunrisers,https://www.sakshi.com/sites/default/files/special/ipl/2022/teams/srh/HarryBrook.png
SanvirSingh,Sunrisers,https://dnd3y8e5nonx2.cloudfront.net/humans/avatars/2531225/1680438442/display.
NitishKumarReddy,Sunrisers,https://bcciplayerimages.s3.ap-south-1.amazonaws.com/ipl/IPLHeadshot2023/1011.png
MayankDagar,Sunrisers,https://www.sakshi.com/sites/default/files/special/ipl/2022/teams/srh/MayankDagar.png
RahmanullahGurbaz,KKR,https://www.kkr.in/static-assets/images/players/68027.png?v=111.24
SuyashSharma,KKR,https://www.sakshi.com/sites/default/files/special/ipl/2022/teams/kkr/SuyashSharma.png
PhilSalt,Capitals,https://www.sakshi.com/sites/default/files/special/ipl/2022/teams/dc/PhilSalt.png
RileeRossouw,Capitals,https://www.sakshi.com/sites/default/files/special/ipl/2022/teams/dc/RilleRossouw.png
YashDhull,Capitals,https://bcciplayerimages.s3.ap-south-1.amazonaws.com/ipl/IPLHeadshot2024/1535.png
AtharvaTaide,Punjab Kings,https://www.punjabkingsipl.in/static-assets/images/players/4321.png?v=5.97
DhruvJurel,Royals,https://bcciplayerimages.s3.ap-south-1.amazonaws.com/ipl/IPLHeadshot2024/1004.png
AdamZampa,Royals,https://www.sakshi.com/sites/default/files/special/ipl/2022/teams/rr/AdamZampa.png
KarnSharma,RCB,https://bcciplayerimages.s3.ap-south-1.amazonaws.com/ipl/IPLHeadshot2023/98.png
MukeshKumar,Capitals,https://www.sakshi.com/sites/default/files/special/ipl/2022/teams/dc/MukeshKumar.png
SwapnilSingh,Super Giants,https://iplbetonline.b-cdn.net/wp-content/uploads/2023/04/1483.png
JoeRoot,Royals,https://bcciplayerimages.s3.ap-south-1.amazonaws.com/ipl/IPLHeadshot2023/312.png
SikandarRaza,Punjab Kings,https://www.punjabkingsipl.in/static-assets/images/players/25422.png?v=5.83
PraveenDubey,Capitals,https://bcciplayerimages.s3.ap-south-1.amazonaws.com/ipl/IPLHeadshot2024/548.png
YudhvirSingh,Super Giants,https://www.lucknowsupergiants.in/static-assets/images/players/74054.png?v=11.05
ArshadKhan,Mumbai,https://iplbetonline.b-cdn.net/wp-content/uploads/2023/04/20599.png
JofraArcher,Mumbai,https://roarmarathi.com/wp-content/uploads/2023/11/181.png
RaghavGoyal,Mumbai,https://encrypted-tbn0.gstatic.com/images?q=tbn:ANd9GcRGPH_WLhtRubbiAwFCVCr_lwXx3scxeb4p9qwKt9_Zaw&s
MatthewShort,Punjab Kings,https://encrypted-tbn0.gstatic.com/images?q=tbn:ANd9GcQc0JNNkgZHc566fhDjo0BuxOdNWhFu6VTBhwgUscuuMg&s
AkealHosein,Sunrisers,https://www.sakshi.com/sites/default/files/special/ipl/2022/teams/srh/AkealHosein.png
DavidWiese,KKR,https://encrypted-tbn0.gstatic.com/images?q=tbn:ANd9GcSd3SjmIGr-A8P8rJrms_YfzxUA2bq7Z4i_9i37vucFIA&s
GurnoorBrar,Punjab Kings,https://www.punjabkingsipl.in/static-assets/images/players/90572.png?v=5.83
ArjunTendulkar,Mumbai,https://bcciplayerimages.s3.ap-south-1.amazonaws.com/ipl/IPLHeadshot2022/10244.png
KulwantKhejroliya,KKR,https://pbs.twimg.com/media/FzmvbSUWYAEUvq-.png
AbdulBasith,Royals,https://www.mykhel.com/thumb/220x100x220/cricket/players/8/15228.1681814749.jpg
HarpreetSingh,Punjab Kings,https://www.punjabkingsipl.in/static-assets/images/players/5211.png?v=5.83
LittonDas,KKR,https://encrypted-tbn0.gstatic.com/images?q=tbn:ANd9GcRyfKVh5zLapjuR1pdEzH24X8yJRu3Io8R0MTtkVRjR-j7mMwg0RM9FWkb0jwXcoPFRj8c&usqp=CAU
DuanJansen,Mumbai,https://www.sakshi.com/sites/default/files/special/ipl/2022/teams/mi/DuanJansen.png
MarkWood,Super Giants,https://bcciplayerimages.s3.ap-south-1.amazonaws.com/ipl/IPLHeadshot2023/315.png
AbishekPorel,Capitals,https://bcciplayerimages.s3.ap-south-1.amazonaws.com/ipl/IPLHeadshot2023/1580.png
SisandaMagala,Super Kings,https://i0.wp.com/crictoday.com/wp-content/uploads/2023/05/745.png?ssl=1
MohitRathee,Punjab Kings,https://www.punjabkingsipl.in/static-assets/images/players/100577.png?v=5.83
RajvardhanHangargekar,Super Kings,https://iplbetonline.b-cdn.net/wp-content/uploads/2023/04/783.png
ReeceTopley,RCB,https://indianden.in/wp-content/uploads/2023/05/574.png
